Year,Country of origin,Country of origin (ISO),Country,Code,Total
2010,Syrian Arab Rep.,SYR,Egypt,EGY,8
2010,Syrian Arab Rep.,SYR,Australia,AUS,68
2010,Syrian Arab Rep.,SYR,Austria,AUT,505
2010,Syrian Arab Rep.,SYR,Belgium,BEL,229
2010,Syrian Arab Rep.,SYR,Brazil,BRA,5
2010,Syrian Arab Rep.,SYR,Bulgaria,BGR,95
2010,Syrian Arab Rep.,SYR,Canada,CAN,545
2010,Syrian Arab Rep.,SYR,Cyprus,CYP,125
2010,Syrian Arab Rep.,SYR,Czechia,CZE,23
2010,Syrian Arab Rep.,SYR,Denmark,DNK,750
2010,Syrian Arab Rep.,SYR,Ecuador,ECU,9
2010,Syrian Arab Rep.,SYR,Finland,FIN,59
2010,Syrian Arab Rep.,SYR,France,FRA,280
2010,Syrian Arab Rep.,SYR,United Kingdom of Great Britain and Northern Ireland,GBR,499
2010,Syrian Arab Rep.,SYR,Germany,DEU,10518
2010,Syrian Arab Rep.,SYR,Greece,GRC,16
2010,Syrian Arab Rep.,SYR,Hungary,HUN,39
2010,Syrian Arab Rep.,SYR,Ireland,IRL,34
2010,Syrian Arab Rep.,SYR,Iraq,IRQ,254
2010,Syrian Arab Rep.,SYR,Italy,ITA,211
2010,Syrian Arab Rep.,SYR,Jordan,JOR,198
2010,Syrian Arab Rep.,SYR,Kyrgyzstan,KGZ,11
2010,Syrian Arab Rep.,SYR,Kuwait,KWT,5
2010,Syrian Arab Rep.,SYR,Lebanon,LBN,64
2010,Syrian Arab Rep.,SYR,Lithuania,LTU,5
2010,Syrian Arab Rep.,SYR,Rep. of Moldova,MDA,10
2010,Syrian Arab Rep.,SYR,Malta,MLT,33
2010,Syrian Arab Rep.,SYR,Netherlands,NLD,1186
2010,Syrian Arab Rep.,SYR,Norway,NOR,186
2010,Syrian Arab Rep.,SYR,New Zealand,NZL,36
2010,Syrian Arab Rep.,SYR,Oman,OMN,7
2010,Syrian Arab Rep.,SYR,Pakistan,PAK,8
2010,Syrian Arab Rep.,SYR,Poland,POL,8
2010,Syrian Arab Rep.,SYR,Qatar,QAT,8
2010,Syrian Arab Rep.,SYR,Romania,ROU,21
2010,Syrian Arab Rep.,SYR,Russian Federation,RUS,5
2010,Syrian Arab Rep.,SYR,Saudi Arabia,SAU,14
2010,Syrian Arab Rep.,SYR,Spain,ESP,35
2010,Syrian Arab Rep.,SYR,Slovakia,SVK,22
2010,Syrian Arab Rep.,SYR,Sweden,SWE,1169
2010,Syrian Arab Rep.,SYR,Switzerland,CHE,694
2010,Syrian Arab Rep.,SYR,Tunisia,TUN,5
2010,Syrian Arab Rep.,SYR,Turkey,TUR,9
2010,Syrian Arab Rep.,SYR,United Arab Emirates,ARE,34
2010,Syrian Arab Rep.,SYR,Ukraine,UKR,42
2010,Syrian Arab Rep.,SYR,United States of America,USA,312
2010,Syrian Arab Rep.,SYR,Yemen,YEM,52
2011,Syrian Arab Rep.,SYR,Egypt,EGY,9
2011,Syrian Arab Rep.,SYR,Armenia,ARM,6
2011,Syrian Arab Rep.,SYR,Australia,AUS,84
2011,Syrian Arab Rep.,SYR,Austria,AUT,903
2011,Syrian Arab Rep.,SYR,Belgium,BEL,312
2011,Syrian Arab Rep.,SYR,Brazil,BRA,6
2011,Syrian Arab Rep.,SYR,Bulgaria,BGR,98
2011,Syrian Arab Rep.,SYR,Canada,CAN,547
2011,Syrian Arab Rep.,SYR,Chad,TCD,5
2011,Syrian Arab Rep.,SYR,Cyprus,CYP,137
2011,Syrian Arab Rep.,SYR,Czechia,CZE,23
2011,Syrian Arab Rep.,SYR,Denmark,DNK,1197
2011,Syrian Arab Rep.,SYR,Ecuador,ECU,11
2011,Syrian Arab Rep.,SYR,Finland,FIN,86
2011,Syrian Arab Rep.,SYR,France,FRA,351
2011,Syrian Arab Rep.,SYR,United Kingdom of Great Britain and Northern Ireland,GBR,693
2011,Syrian Arab Rep.,SYR,Germany,DEU,10155
2011,Syrian Arab Rep.,SYR,Greece,GRC,10
2011,Syrian Arab Rep.,SYR,Hungary,HUN,42
2011,Syrian Arab Rep.,SYR,Ireland,IRL,27
2011,Syrian Arab Rep.,SYR,Iraq,IRQ,323
2011,Syrian Arab Rep.,SYR,Italy,ITA,262
2011,Syrian Arab Rep.,SYR,Jordan,JOR,193
2011,Syrian Arab Rep.,SYR,Kyrgyzstan,KGZ,9
2011,Syrian Arab Rep.,SYR,Kuwait,KWT,10
2011,Syrian Arab Rep.,SYR,Lebanon,LBN,124
2011,Syrian Arab Rep.,SYR,Lithuania,LTU,5
2011,Syrian Arab Rep.,SYR,Latvia,LVA,5
2011,Syrian Arab Rep.,SYR,Rep. of Moldova,MDA,11
2011,Syrian Arab Rep.,SYR,Malaysia,MYS,5
2011,Syrian Arab Rep.,SYR,Malta,MLT,80
2011,Syrian Arab Rep.,SYR,Netherlands,NLD,1064
2011,Syrian Arab Rep.,SYR,Norway,NOR,171
2011,Syrian Arab Rep.,SYR,New Zealand,NZL,35
2011,Syrian Arab Rep.,SYR,Oman,OMN,7
2011,Syrian Arab Rep.,SYR,Pakistan,PAK,8
2011,Syrian Arab Rep.,SYR,Poland,POL,10
2011,Syrian Arab Rep.,SYR,Qatar,QAT,8
2011,Syrian Arab Rep.,SYR,Romania,ROU,20
2011,Syrian Arab Rep.,SYR,Russian Federation,RUS,5
2011,Syrian Arab Rep.,SYR,Saudi Arabia,SAU,14
2011,Syrian Arab Rep.,SYR,Spain,ESP,32
2011,Syrian Arab Rep.,SYR,Slovakia,SVK,23
2011,Syrian Arab Rep.,SYR,Sweden,SWE,1206
2011,Syrian Arab Rep.,SYR,Switzerland,CHE,1074
2011,Syrian Arab Rep.,SYR,Tunisia,TUN,11
2011,Syrian Arab Rep.,SYR,Turkey,TUR,19
2011,Syrian Arab Rep.,SYR,United Arab Emirates,ARE,37
2011,Syrian Arab Rep.,SYR,Ukraine,UKR,43
2011,Syrian Arab Rep.,SYR,United States of America,USA,373
2011,Syrian Arab Rep.,SYR,Yemen,YEM,42
2012,Syrian Arab Rep.,SYR,Egypt,EGY,12836
2012,Syrian Arab Rep.,SYR,Argentina,ARG,40
2012,Syrian Arab Rep.,SYR,Armenia,ARM,136
2012,Syrian Arab Rep.,SYR,Australia,AUS,204
2012,Syrian Arab Rep.,SYR,Austria,AUT,1675
2012,Syrian Arab Rep.,SYR,Azerbaijan,AZE,5
2012,Syrian Arab Rep.,SYR,Belgium,BEL,355
2012,Syrian Arab Rep.,SYR,Brazil,BRA,42
2012,Syrian Arab Rep.,SYR,Bosnia and Herzegovina,BIH,5
2012,Syrian Arab Rep.,SYR,Bulgaria,BGR,97
2012,Syrian Arab Rep.,SYR,Canada,CAN,533
2012,Syrian Arab Rep.,SYR,Chad,TCD,5
2012,Syrian Arab Rep.,SYR,Cuba,CUB,11
2012,Syrian Arab Rep.,SYR,Cyprus,CYP,139
2012,Syrian Arab Rep.,SYR,Czechia,CZE,54
2012,Syrian Arab Rep.,SYR,Denmark,DNK,1903
2012,Syrian Arab Rep.,SYR,Dominican Rep.,DOM,7
2012,Syrian Arab Rep.,SYR,Ecuador,ECU,11
2012,Syrian Arab Rep.,SYR,Finland,FIN,218
2012,Syrian Arab Rep.,SYR,France,FRA,640
2012,Syrian Arab Rep.,SYR,United Kingdom of Great Britain and Northern Ireland,GBR,1717
2012,Syrian Arab Rep.,SYR,Georgia,GEO,141
2012,Syrian Arab Rep.,SYR,Germany,DEU,18165
2012,Syrian Arab Rep.,SYR,Greece,GRC,20
2012,Syrian Arab Rep.,SYR,Croatia,HRV,12
2012,Syrian Arab Rep.,SYR,Hungary,HUN,86
2012,Syrian Arab Rep.,SYR,India,IND,6
2012,Syrian Arab Rep.,SYR,Indonesia,IDN,5
2012,Syrian Arab Rep.,SYR,Ireland,IRL,38
2012,Syrian Arab Rep.,SYR,Iraq,IRQ,63586
2012,Syrian Arab Rep.,SYR,Italy,ITA,445
2012,Syrian Arab Rep.,SYR,Jordan,JOR,238798
2012,Syrian Arab Rep.,SYR,Kyrgyzstan,KGZ,7
2012,Syrian Arab Rep.,SYR,Kuwait,KWT,15
2012,Syrian Arab Rep.,SYR,Lebanon,LBN,126939
2012,Syrian Arab Rep.,SYR,Lithuania,LTU,5
2012,Syrian Arab Rep.,SYR,Latvia,LVA,17
2012,Syrian Arab Rep.,SYR,Rep. of Moldova,MDA,55
2012,Syrian Arab Rep.,SYR,Malaysia,MYS,5
2012,Syrian Arab Rep.,SYR,Malta,MLT,191
2012,Syrian Arab Rep.,SYR,Netherlands,NLD,1449
2012,Syrian Arab Rep.,SYR,Norway,NOR,565
2012,Syrian Arab Rep.,SYR,New Zealand,NZL,41
2012,Syrian Arab Rep.,SYR,Oman,OMN,7
2012,Syrian Arab Rep.,SYR,Pakistan,PAK,11
2012,Syrian Arab Rep.,SYR,Poland,POL,17
2012,Syrian Arab Rep.,SYR,Qatar,QAT,8
2012,Syrian Arab Rep.,SYR,Romania,ROU,152
2012,Syrian Arab Rep.,SYR,Russian Federation,RUS,53
2012,Syrian Arab Rep.,SYR,Saudi Arabia,SAU,14
2012,Syrian Arab Rep.,SYR,Spain,ESP,32
2012,Syrian Arab Rep.,SYR,Slovakia,SVK,24
2012,Syrian Arab Rep.,SYR,Sweden,SWE,6051
2012,Syrian Arab Rep.,SYR,Switzerland,CHE,1391
2012,Syrian Arab Rep.,SYR,Thailand,THA,10
2012,Syrian Arab Rep.,SYR,Tunisia,TUN,6
2012,Syrian Arab Rep.,SYR,Turkey,TUR,248466
2012,Syrian Arab Rep.,SYR,United Arab Emirates,ARE,16
2012,Syrian Arab Rep.,SYR,Ukraine,UKR,63
2012,Syrian Arab Rep.,SYR,United States of America,USA,1425
2012,Syrian Arab Rep.,SYR,Yemen,YEM,42
2013,Syrian Arab Rep.,SYR,Egypt,EGY,131659
2013,Syrian Arab Rep.,SYR,Argentina,ARG,159
2013,Syrian Arab Rep.,SYR,Armenia,ARM,11090
2013,Syrian Arab Rep.,SYR,Australia,AUS,265
2013,Syrian Arab Rep.,SYR,Austria,AUT,2748
2013,Syrian Arab Rep.,SYR,Azerbaijan,AZE,9
2013,Syrian Arab Rep.,SYR,Belgium,BEL,1987
2013,Syrian Arab Rep.,SYR,Belarus,BLR,35
2013,Syrian Arab Rep.,SYR,Bolivia (Plurinational State of),BOL,5
2013,Syrian Arab Rep.,SYR,Brazil,BRA,333
2013,Syrian Arab Rep.,SYR,Bosnia and Herzegovina,BIH,48
2013,Syrian Arab Rep.,SYR,Bulgaria,BGR,2104
2013,Syrian Arab Rep.,SYR,Canada,CAN,592
2013,Syrian Arab Rep.,SYR,Chad,TCD,15
2013,Syrian Arab Rep.,SYR,Chile,CHL,5
2013,Syrian Arab Rep.,SYR,Cuba,CUB,24
2013,Syrian Arab Rep.,SYR,Cyprus,CYP,316
2013,Syrian Arab Rep.,SYR,Czechia,CZE,149
2013,Syrian Arab Rep.,SYR,Denmark,DNK,3271
2013,Syrian Arab Rep.,SYR,Dominican Rep.,DOM,5
2013,Syrian Arab Rep.,SYR,Ecuador,ECU,11
2013,Syrian Arab Rep.,SYR,Finland,FIN,352
2013,Syrian Arab Rep.,SYR,France,FRA,1474
2013,Syrian Arab Rep.,SYR,United Kingdom of Great Britain and Northern Ireland,GBR,3169
2013,Syrian Arab Rep.,SYR,Georgia,GEO,516
2013,Syrian Arab Rep.,SYR,Germany,DEU,21253
2013,Syrian Arab Rep.,SYR,Greece,GRC,195
2013,Syrian Arab Rep.,SYR,Croatia,HRV,22
2013,Syrian Arab Rep.,SYR,Hungary,HUN,141
2013,Syrian Arab Rep.,SYR,Iceland,ISL,7
2013,Syrian Arab Rep.,SYR,India,IND,18
2013,Syrian Arab Rep.,SYR,Indonesia,IDN,36
2013,Syrian Arab Rep.,SYR,Ireland,IRL,71
2013,Syrian Arab Rep.,SYR,Iraq,IRQ,212809
2013,Syrian Arab Rep.,SYR,Italy,ITA,840
2013,Syrian Arab Rep.,SYR,Jordan,JOR,585304
2013,Syrian Arab Rep.,SYR,Japan,JPN,26
2013,Syrian Arab Rep.,SYR,Kazakhstan,KAZ,7
2013,Syrian Arab Rep.,SYR,Kyrgyzstan,KGZ,14
2013,Syrian Arab Rep.,SYR,Kuwait,KWT,13
2013,Syrian Arab Rep.,SYR,Libya,LBY,16796
2013,Syrian Arab Rep.,SYR,Lebanon,LBN,851284
2013,Syrian Arab Rep.,SYR,Lithuania,LTU,18
2013,Syrian Arab Rep.,SYR,Luxembourg,LUX,5
2013,Syrian Arab Rep.,SYR,Latvia,LVA,33
2013,Syrian Arab Rep.,SYR,Mauritania,MRT,5
2013,Syrian Arab Rep.,SYR,Rep. of Moldova,MDA,139
2013,Syrian Arab Rep.,SYR,Mexico,MEX,13
2013,Syrian Arab Rep.,SYR,Malaysia,MYS,101
2013,Syrian Arab Rep.,SYR,Morocco,MAR,856
2013,Syrian Arab Rep.,SYR,Malta,MLT,776
2013,Syrian Arab Rep.,SYR,Netherlands,NLD,3404
2013,Syrian Arab Rep.,SYR,Niger,NER,6
2013,Syrian Arab Rep.,SYR,Nigeria,NGA,9
2013,Syrian Arab Rep.,SYR,Norway,NOR,1311
2013,Syrian Arab Rep.,SYR,New Zealand,NZL,43
2013,Syrian Arab Rep.,SYR,Oman,OMN,7
2013,Syrian Arab Rep.,SYR,Pakistan,PAK,13
2013,Syrian Arab Rep.,SYR,Peru,PER,5
2013,Syrian Arab Rep.,SYR,Philippines,PHL,7
2013,Syrian Arab Rep.,SYR,Poland,POL,108
2013,Syrian Arab Rep.,SYR,Portugal,PRT,14
2013,Syrian Arab Rep.,SYR,Qatar,QAT,8
2013,Syrian Arab Rep.,SYR,Romania,ROU,932
2013,Syrian Arab Rep.,SYR,South Africa,ZAF,8
2013,Syrian Arab Rep.,SYR,Russian Federation,RUS,1163
2013,Syrian Arab Rep.,SYR,Saudi Arabia,SAU,14
2013,Syrian Arab Rep.,SYR,Serbia and Kosovo: S/RES/1244 (1999),SRB,5
2013,Syrian Arab Rep.,SYR,Spain,ESP,180
2013,Syrian Arab Rep.,SYR,Sudan,SDN,84
2013,Syrian Arab Rep.,SYR,Slovakia,SVK,26
2013,Syrian Arab Rep.,SYR,Slovenia,SVN,9
2013,Syrian Arab Rep.,SYR,Sweden,SWE,17984
2013,Syrian Arab Rep.,SYR,Switzerland,CHE,2012
2013,Syrian Arab Rep.,SYR,Thailand,THA,44
2013,Syrian Arab Rep.,SYR,Tunisia,TUN,164
2013,Syrian Arab Rep.,SYR,Turkey,TUR,585601
2013,Syrian Arab Rep.,SYR,United Arab Emirates,ARE,16
2013,Syrian Arab Rep.,SYR,Ukraine,UKR,167
2013,Syrian Arab Rep.,SYR,United States of America,USA,3802
2013,Syrian Arab Rep.,SYR,Yemen,YEM,54
2014,Syrian Arab Rep.,SYR,Albania,ALB,5
2014,Syrian Arab Rep.,SYR,Egypt,EGY,138381
2014,Syrian Arab Rep.,SYR,Argentina,ARG,233
2014,Syrian Arab Rep.,SYR,Armenia,ARM,14994
2014,Syrian Arab Rep.,SYR,Australia,AUS,302
2014,Syrian Arab Rep.,SYR,Austria,AUT,6653
2014,Syrian Arab Rep.,SYR,Azerbaijan,AZE,7
2014,Syrian Arab Rep.,SYR,Belgium,BEL,2620
2014,Syrian Arab Rep.,SYR,Belarus,BLR,72
2014,Syrian Arab Rep.,SYR,Bolivia (Plurinational State of),BOL,6
2014,Syrian Arab Rep.,SYR,Brazil,BRA,1739
2014,Syrian Arab Rep.,SYR,Bosnia and Herzegovina,BIH,25
2014,Syrian Arab Rep.,SYR,Bulgaria,BGR,8501
2014,Syrian Arab Rep.,SYR,Canada,CAN,705
2014,Syrian Arab Rep.,SYR,Chad,TCD,15
2014,Syrian Arab Rep.,SYR,China,CHN,5
2014,Syrian Arab Rep.,SYR,Chile,CHL,6
2014,Syrian Arab Rep.,SYR,Colombia,COL,5
2014,Syrian Arab Rep.,SYR,Costa Rica,CRI,5
2014,Syrian Arab Rep.,SYR,Cuba,CUB,20
2014,Syrian Arab Rep.,SYR,Cyprus,CYP,1451
2014,Syrian Arab Rep.,SYR,Czechia,CZE,236
2014,Syrian Arab Rep.,SYR,Denmark,DNK,7253
2014,Syrian Arab Rep.,SYR,Ecuador,ECU,13
2014,Syrian Arab Rep.,SYR,Estonia,EST,6
2014,Syrian Arab Rep.,SYR,Finland,FIN,438
2014,Syrian Arab Rep.,SYR,France,FRA,2882
2014,Syrian Arab Rep.,SYR,United Kingdom of Great Britain and Northern Ireland,GBR,4573
2014,Syrian Arab Rep.,SYR,Georgia,GEO,471
2014,Syrian Arab Rep.,SYR,Germany,DEU,40994
2014,Syrian Arab Rep.,SYR,Ghana,GHA,5
2014,Syrian Arab Rep.,SYR,Greece,GRC,3913
2014,Syrian Arab Rep.,SYR,Croatia,HRV,22
2014,Syrian Arab Rep.,SYR,Hungary,HUN,334
2014,Syrian Arab Rep.,SYR,Iceland,ISL,7
2014,Syrian Arab Rep.,SYR,Cote d'Ivoire,CIV,5
2014,Syrian Arab Rep.,SYR,India,IND,27
2014,Syrian Arab Rep.,SYR,Indonesia,IDN,43
2014,Syrian Arab Rep.,SYR,Ireland,IRL,176
2014,Syrian Arab Rep.,SYR,Iraq,IRQ,234196
2014,Syrian Arab Rep.,SYR,Italy,ITA,1144
2014,Syrian Arab Rep.,SYR,Jamaica,JAM,5
2014,Syrian Arab Rep.,SYR,Jordan,JOR,623112
2014,Syrian Arab Rep.,SYR,Japan,JPN,41
2014,Syrian Arab Rep.,SYR,Kazakhstan,KAZ,14
2014,Syrian Arab Rep.,SYR,Kyrgyzstan,KGZ,56
2014,Syrian Arab Rep.,SYR,Rep. of Korea,KOR,503
2014,Syrian Arab Rep.,SYR,Kuwait,KWT,15
2014,Syrian Arab Rep.,SYR,Liberia,LBR,6
2014,Syrian Arab Rep.,SYR,Libya,LBY,18653
2014,Syrian Arab Rep.,SYR,Lebanon,LBN,1147494
2014,Syrian Arab Rep.,SYR,Liechtenstein,LIE,5
2014,Syrian Arab Rep.,SYR,Sri Lanka,LKA,5
2014,Syrian Arab Rep.,SYR,Lithuania,LTU,20
2014,Syrian Arab Rep.,SYR,Luxembourg,LUX,59
2014,Syrian Arab Rep.,SYR,Latvia,LVA,52
2014,Syrian Arab Rep.,SYR,Mauritania,MRT,41
2014,Syrian Arab Rep.,SYR,North Macedonia,MKD,11
2014,Syrian Arab Rep.,SYR,Rep. of Moldova,MDA,186
2014,Syrian Arab Rep.,SYR,Mexico,MEX,13
2014,Syrian Arab Rep.,SYR,Mali,MLI,16
2014,Syrian Arab Rep.,SYR,Malaysia,MYS,447
2014,Syrian Arab Rep.,SYR,Mongolia,MNG,5
2014,Syrian Arab Rep.,SYR,Morocco,MAR,647
2014,Syrian Arab Rep.,SYR,Malta,MLT,1047
2014,Syrian Arab Rep.,SYR,Netherlands,NLD,8692
2014,Syrian Arab Rep.,SYR,Niger,NER,6
2014,Syrian Arab Rep.,SYR,Nigeria,NGA,11
2014,Syrian Arab Rep.,SYR,Norway,NOR,2568
2014,Syrian Arab Rep.,SYR,New Zealand,NZL,48
2014,Syrian Arab Rep.,SYR,Oman,OMN,7
2014,Syrian Arab Rep.,SYR,Pakistan,PAK,16
2014,Syrian Arab Rep.,SYR,Paraguay,PRY,7
2014,Syrian Arab Rep.,SYR,Peru,PER,20
2014,Syrian Arab Rep.,SYR,Philippines,PHL,19
2014,Syrian Arab Rep.,SYR,Poland,POL,240
2014,Syrian Arab Rep.,SYR,Portugal,PRT,15
2014,Syrian Arab Rep.,SYR,Qatar,QAT,14
2014,Syrian Arab Rep.,SYR,Romania,ROU,1278
2014,Syrian Arab Rep.,SYR,South Africa,ZAF,28
2014,Syrian Arab Rep.,SYR,Russian Federation,RUS,1927
2014,Syrian Arab Rep.,SYR,Saudi Arabia,SAU,18
2014,Syrian Arab Rep.,SYR,Serbia and Kosovo: S/RES/1244 (1999),SRB,6
2014,Syrian Arab Rep.,SYR,Spain,ESP,1336
2014,Syrian Arab Rep.,SYR,Sudan,SDN,797
2014,Syrian Arab Rep.,SYR,Slovakia,SVK,40
2014,Syrian Arab Rep.,SYR,Slovenia,SVN,20
2014,Syrian Arab Rep.,SYR,Sweden,SWE,34285
2014,Syrian Arab Rep.,SYR,Switzerland,CHE,5161
2014,Syrian Arab Rep.,SYR,Thailand,THA,82
2014,Syrian Arab Rep.,SYR,Trinidad and Tobago,TTO,8
2014,Syrian Arab Rep.,SYR,Tunisia,TUN,558
2014,Syrian Arab Rep.,SYR,Turkey,TUR,1557899
2014,Syrian Arab Rep.,SYR,United Arab Emirates,ARE,28
2014,Syrian Arab Rep.,SYR,Ukraine,UKR,341
2014,Syrian Arab Rep.,SYR,Uruguay,URY,48
2014,Syrian Arab Rep.,SYR,United States of America,USA,4750
2014,Syrian Arab Rep.,SYR,Yemen,YEM,2276
2015,Syrian Arab Rep.,SYR,Albania,ALB,5
2015,Syrian Arab Rep.,SYR,Antigua and Barbuda,ATG,15
2015,Syrian Arab Rep.,SYR,Egypt,EGY,117635
2015,Syrian Arab Rep.,SYR,Argentina,ARG,276
2015,Syrian Arab Rep.,SYR,Armenia,ARM,16611
2015,Syrian Arab Rep.,SYR,Australia,AUS,301
2015,Syrian Arab Rep.,SYR,Austria,AUT,14894
2015,Syrian Arab Rep.,SYR,Azerbaijan,AZE,8
2015,Syrian Arab Rep.,SYR,Belgium,BEL,4239
2015,Syrian Arab Rep.,SYR,Belarus,BLR,138
2015,Syrian Arab Rep.,SYR,Bolivia (Plurinational State of),BOL,7
2015,Syrian Arab Rep.,SYR,Brazil,BRA,2271
2015,Syrian Arab Rep.,SYR,Bosnia and Herzegovina,BIH,14
2015,Syrian Arab Rep.,SYR,Bulgaria,BGR,13819
2015,Syrian Arab Rep.,SYR,Canada,CAN,1513
2015,Syrian Arab Rep.,SYR,Chad,TCD,6
2015,Syrian Arab Rep.,SYR,China,CHN,14
2015,Syrian Arab Rep.,SYR,Chile,CHL,13
2015,Syrian Arab Rep.,SYR,Cameroon,CMR,15
2015,Syrian Arab Rep.,SYR,Congo,COG,5
2015,Syrian Arab Rep.,SYR,Dem. Rep. of the Congo,COD,7
2015,Syrian Arab Rep.,SYR,Colombia,COL,7
2015,Syrian Arab Rep.,SYR,Costa Rica,CRI,8
2015,Syrian Arab Rep.,SYR,Cuba,CUB,41
2015,Syrian Arab Rep.,SYR,Cyprus,CYP,3110
2015,Syrian Arab Rep.,SYR,Czechia,CZE,365
2015,Syrian Arab Rep.,SYR,Denmark,DNK,12988
2015,Syrian Arab Rep.,SYR,Djibouti,DJI,5
2015,Syrian Arab Rep.,SYR,Ecuador,ECU,17
2015,Syrian Arab Rep.,SYR,Estonia,EST,6
2015,Syrian Arab Rep.,SYR,Ethiopia,ETH,9
2015,Syrian Arab Rep.,SYR,Finland,FIN,565
2015,Syrian Arab Rep.,SYR,France,FRA,5179
2015,Syrian Arab Rep.,SYR,United Kingdom of Great Britain and Northern Ireland,GBR,6496
2015,Syrian Arab Rep.,SYR,Georgia,GEO,475
2015,Syrian Arab Rep.,SYR,Germany,DEU,115604
2015,Syrian Arab Rep.,SYR,Ghana,GHA,47
2015,Syrian Arab Rep.,SYR,Greece,GRC,9101
2015,Syrian Arab Rep.,SYR,Croatia,HRV,23
2015,Syrian Arab Rep.,SYR,Hungary,HUN,476
2015,Syrian Arab Rep.,SYR,Iceland,ISL,37
2015,Syrian Arab Rep.,SYR,Cote d'Ivoire,CIV,20
2015,Syrian Arab Rep.,SYR,India,IND,41
2015,Syrian Arab Rep.,SYR,Indonesia,IDN,61
2015,Syrian Arab Rep.,SYR,Ireland,IRL,109
2015,Syrian Arab Rep.,SYR,Iraq,IRQ,244642
2015,Syrian Arab Rep.,SYR,Italy,ITA,1460
2015,Syrian Arab Rep.,SYR,Jamaica,JAM,5
2015,Syrian Arab Rep.,SYR,Jordan,JOR,628223
2015,Syrian Arab Rep.,SYR,Japan,JPN,59
2015,Syrian Arab Rep.,SYR,Kazakhstan,KAZ,23
2015,Syrian Arab Rep.,SYR,Kenya,KEN,9
2015,Syrian Arab Rep.,SYR,Kyrgyzstan,KGZ,55
2015,Syrian Arab Rep.,SYR,Rep. of Korea,KOR,646
2015,Syrian Arab Rep.,SYR,Kuwait,KWT,14
2015,Syrian Arab Rep.,SYR,Liberia,LBR,6
2015,Syrian Arab Rep.,SYR,Libya,LBY,97
2015,Syrian Arab Rep.,SYR,Lebanon,LBN,1062690
2015,Syrian Arab Rep.,SYR,Liechtenstein,LIE,23
2015,Syrian Arab Rep.,SYR,Sri Lanka,LKA,5
2015,Syrian Arab Rep.,SYR,Lithuania,LTU,23
2015,Syrian Arab Rep.,SYR,Luxembourg,LUX,177
2015,Syrian Arab Rep.,SYR,Latvia,LVA,65
2015,Syrian Arab Rep.,SYR,Mauritania,MRT,215
2015,Syrian Arab Rep.,SYR,North Macedonia,MKD,13
2015,Syrian Arab Rep.,SYR,Rep. of Moldova,MDA,206
2015,Syrian Arab Rep.,SYR,Mexico,MEX,18
2015,Syrian Arab Rep.,SYR,Mali,MLI,82
2015,Syrian Arab Rep.,SYR,Malaysia,MYS,473
2015,Syrian Arab Rep.,SYR,Morocco,MAR,2619
2015,Syrian Arab Rep.,SYR,Malta,MLT,1328
2015,Syrian Arab Rep.,SYR,Netherlands,NLD,16184
2015,Syrian Arab Rep.,SYR,Niger,NER,6
2015,Syrian Arab Rep.,SYR,Nigeria,NGA,32
2015,Syrian Arab Rep.,SYR,Norway,NOR,4121
2015,Syrian Arab Rep.,SYR,New Zealand,NZL,52
2015,Syrian Arab Rep.,SYR,Oman,OMN,7
2015,Syrian Arab Rep.,SYR,Pakistan,PAK,16
2015,Syrian Arab Rep.,SYR,Paraguay,PRY,30
2015,Syrian Arab Rep.,SYR,Peru,PER,29
2015,Syrian Arab Rep.,SYR,Philippines,PHL,36
2015,Syrian Arab Rep.,SYR,Poland,POL,445
2015,Syrian Arab Rep.,SYR,Portugal,PRT,17
2015,Syrian Arab Rep.,SYR,Qatar,QAT,14
2015,Syrian Arab Rep.,SYR,Romania,ROU,1591
2015,Syrian Arab Rep.,SYR,South Africa,ZAF,31
2015,Syrian Arab Rep.,SYR,Russian Federation,RUS,1304
2015,Syrian Arab Rep.,SYR,El Salvador,SLV,5
2015,Syrian Arab Rep.,SYR,Saudi Arabia,SAU,9
2015,Syrian Arab Rep.,SYR,Serbia and Kosovo: S/RES/1244 (1999),SRB,11
2015,Syrian Arab Rep.,SYR,Somalia,SOM,24
2015,Syrian Arab Rep.,SYR,Spain,ESP,1992
2015,Syrian Arab Rep.,SYR,Sudan,SDN,2692
2015,Syrian Arab Rep.,SYR,Slovakia,SVK,47
2015,Syrian Arab Rep.,SYR,Slovenia,SVN,30
2015,Syrian Arab Rep.,SYR,Sweden,SWE,52707
2015,Syrian Arab Rep.,SYR,Switzerland,CHE,8695
2015,Syrian Arab Rep.,SYR,Thailand,THA,95
2015,Syrian Arab Rep.,SYR,Togo,TGO,5
2015,Syrian Arab Rep.,SYR,Trinidad and Tobago,TTO,22
2015,Syrian Arab Rep.,SYR,Tunisia,TUN,499
2015,Syrian Arab Rep.,SYR,Turkey,TUR,2503549
2015,Syrian Arab Rep.,SYR,United Arab Emirates,ARE,36
2015,Syrian Arab Rep.,SYR,Uganda,UGA,6
2015,Syrian Arab Rep.,SYR,Ukraine,UKR,399
2015,Syrian Arab Rep.,SYR,Uruguay,URY,58
2015,Syrian Arab Rep.,SYR,United States of America,USA,5651
2015,Syrian Arab Rep.,SYR,Yemen,YEM,3011
2015,Syrian Arab Rep.,SYR,Zambia,ZMB,6
2016,Syrian Arab Rep.,SYR,Albania,ALB,5
2016,Syrian Arab Rep.,SYR,Antigua and Barbuda,ATG,5
2016,Syrian Arab Rep.,SYR,Egypt,EGY,116013
2016,Syrian Arab Rep.,SYR,Argentina,ARG,357
2016,Syrian Arab Rep.,SYR,Armenia,ARM,14626
2016,Syrian Arab Rep.,SYR,Australia,AUS,378
2016,Syrian Arab Rep.,SYR,Austria,AUT,30958
2016,Syrian Arab Rep.,SYR,Azerbaijan,AZE,15
2016,Syrian Arab Rep.,SYR,Belgium,BEL,9080
2016,Syrian Arab Rep.,SYR,Belarus,BLR,77
2016,Syrian Arab Rep.,SYR,Bolivia (Plurinational State of),BOL,13
2016,Syrian Arab Rep.,SYR,Brazil,BRA,2591
2016,Syrian Arab Rep.,SYR,Bosnia and Herzegovina,BIH,15
2016,Syrian Arab Rep.,SYR,Bulgaria,BGR,15027
2016,Syrian Arab Rep.,SYR,Canada,CAN,2757
2016,Syrian Arab Rep.,SYR,Chad,TCD,17
2016,Syrian Arab Rep.,SYR,China,CHN,20
2016,Syrian Arab Rep.,SYR,Chile,CHL,18
2016,Syrian Arab Rep.,SYR,Cameroon,CMR,23
2016,Syrian Arab Rep.,SYR,Congo,COG,5
2016,Syrian Arab Rep.,SYR,Dem. Rep. of the Congo,COD,11
2016,Syrian Arab Rep.,SYR,Colombia,COL,8
2016,Syrian Arab Rep.,SYR,Costa Rica,CRI,8
2016,Syrian Arab Rep.,SYR,Cuba,CUB,39
2016,Syrian Arab Rep.,SYR,Cyprus,CYP,4263
2016,Syrian Arab Rep.,SYR,Czechia,CZE,365
2016,Syrian Arab Rep.,SYR,Denmark,DNK,18215
2016,Syrian Arab Rep.,SYR,Djibouti,DJI,13
2016,Syrian Arab Rep.,SYR,Estonia,EST,76
2016,Syrian Arab Rep.,SYR,Ethiopia,ETH,9
2016,Syrian Arab Rep.,SYR,Finland,FIN,1677
2016,Syrian Arab Rep.,SYR,France,FRA,8991
2016,Syrian Arab Rep.,SYR,United Kingdom of Great Britain and Northern Ireland,GBR,8269
2016,Syrian Arab Rep.,SYR,Georgia,GEO,425
2016,Syrian Arab Rep.,SYR,Germany,DEU,375122
2016,Syrian Arab Rep.,SYR,Ghana,GHA,8
2016,Syrian Arab Rep.,SYR,Greece,GRC,14420
2016,Syrian Arab Rep.,SYR,Croatia,HRV,60
2016,Syrian Arab Rep.,SYR,Hungary,HUN,584
2016,Syrian Arab Rep.,SYR,Iceland,ISL,37
2016,Syrian Arab Rep.,SYR,Cote d'Ivoire,CIV,5
2016,Syrian Arab Rep.,SYR,India,IND,65
2016,Syrian Arab Rep.,SYR,Indonesia,IDN,30
2016,Syrian Arab Rep.,SYR,Ireland,IRL,243
2016,Syrian Arab Rep.,SYR,Iraq,IRQ,230836
2016,Syrian Arab Rep.,SYR,Italy,ITA,2613
2016,Syrian Arab Rep.,SYR,Jamaica,JAM,5
2016,Syrian Arab Rep.,SYR,Jordan,JOR,648836
2016,Syrian Arab Rep.,SYR,Japan,JPN,61
2016,Syrian Arab Rep.,SYR,Kazakhstan,KAZ,19
2016,Syrian Arab Rep.,SYR,Kyrgyzstan,KGZ,66
2016,Syrian Arab Rep.,SYR,Rep. of Korea,KOR,876
2016,Syrian Arab Rep.,SYR,Kuwait,KWT,50
2016,Syrian Arab Rep.,SYR,Liberia,LBR,6
2016,Syrian Arab Rep.,SYR,Libya,LBY,142
2016,Syrian Arab Rep.,SYR,Lebanon,LBN,1005503
2016,Syrian Arab Rep.,SYR,Liechtenstein,LIE,23
2016,Syrian Arab Rep.,SYR,Sri Lanka,LKA,8
2016,Syrian Arab Rep.,SYR,Lithuania,LTU,161
2016,Syrian Arab Rep.,SYR,Luxembourg,LUX,686
2016,Syrian Arab Rep.,SYR,Latvia,LVA,143
2016,Syrian Arab Rep.,SYR,Mauritania,MRT,417
2016,Syrian Arab Rep.,SYR,North Macedonia,MKD,13
2016,Syrian Arab Rep.,SYR,Rep. of Moldova,MDA,218
2016,Syrian Arab Rep.,SYR,Mexico,MEX,23
2016,Syrian Arab Rep.,SYR,Mali,MLI,11
2016,Syrian Arab Rep.,SYR,Malaysia,MYS,458
2016,Syrian Arab Rep.,SYR,Morocco,MAR,3242
2016,Syrian Arab Rep.,SYR,Malta,MLT,1668
2016,Syrian Arab Rep.,SYR,Montenegro,MNE,10
2016,Syrian Arab Rep.,SYR,Netherlands,NLD,28394
2016,Syrian Arab Rep.,SYR,Niger,NER,7
2016,Syrian Arab Rep.,SYR,Nigeria,NGA,88
2016,Syrian Arab Rep.,SYR,Norway,NOR,11537
2016,Syrian Arab Rep.,SYR,New Zealand,NZL,61
2016,Syrian Arab Rep.,SYR,Oman,OMN,7
2016,Syrian Arab Rep.,SYR,Pakistan,PAK,13
2016,Syrian Arab Rep.,SYR,Paraguay,PRY,51
2016,Syrian Arab Rep.,SYR,Peru,PER,32
2016,Syrian Arab Rep.,SYR,Philippines,PHL,51
2016,Syrian Arab Rep.,SYR,Poland,POL,483
2016,Syrian Arab Rep.,SYR,Portugal,PRT,82
2016,Syrian Arab Rep.,SYR,Qatar,QAT,32
2016,Syrian Arab Rep.,SYR,Romania,ROU,1775
2016,Syrian Arab Rep.,SYR,South Africa,ZAF,44
2016,Syrian Arab Rep.,SYR,Russian Federation,RUS,1319
2016,Syrian Arab Rep.,SYR,El Salvador,SLV,5
2016,Syrian Arab Rep.,SYR,Saudi Arabia,SAU,19
2016,Syrian Arab Rep.,SYR,Serbia and Kosovo: S/RES/1244 (1999),SRB,747
2016,Syrian Arab Rep.,SYR,Somalia,SOM,145
2016,Syrian Arab Rep.,SYR,Spain,ESP,8205
2016,Syrian Arab Rep.,SYR,Sudan,SDN,6997
2016,Syrian Arab Rep.,SYR,South Sudan,SSD,5
2016,Syrian Arab Rep.,SYR,Slovakia,SVK,54
2016,Syrian Arab Rep.,SYR,Slovenia,SVN,118
2016,Syrian Arab Rep.,SYR,Sweden,SWE,96914
2016,Syrian Arab Rep.,SYR,Switzerland,CHE,11159
2016,Syrian Arab Rep.,SYR,Thailand,THA,268
2016,Syrian Arab Rep.,SYR,Togo,TGO,5
2016,Syrian Arab Rep.,SYR,Trinidad and Tobago,TTO,31
2016,Syrian Arab Rep.,SYR,Tunisia,TUN,504
2016,Syrian Arab Rep.,SYR,Turkey,TUR,2823987
2016,Syrian Arab Rep.,SYR,United Arab Emirates,ARE,119
2016,Syrian Arab Rep.,SYR,Uganda,UGA,7
2016,Syrian Arab Rep.,SYR,Ukraine,UKR,446
2016,Syrian Arab Rep.,SYR,Uruguay,URY,60
2016,Syrian Arab Rep.,SYR,United States of America,USA,6444
2016,Syrian Arab Rep.,SYR,Venezuela (Bolivarian Republic of),VEN,5
2016,Syrian Arab Rep.,SYR,Yemen,YEM,3249
2016,Syrian Arab Rep.,SYR,Zambia,ZMB,5
2017,Syrian Arab Rep.,SYR,Albania,ALB,5
2017,Syrian Arab Rep.,SYR,Algeria,DZA,8
2017,Syrian Arab Rep.,SYR,Egypt,EGY,126688
2017,Syrian Arab Rep.,SYR,Argentina,ARG,370
2017,Syrian Arab Rep.,SYR,Armenia,ARM,14680
2017,Syrian Arab Rep.,SYR,Australia,AUS,477
2017,Syrian Arab Rep.,SYR,Austria,AUT,43888
2017,Syrian Arab Rep.,SYR,Azerbaijan,AZE,15
2017,Syrian Arab Rep.,SYR,Belgium,BEL,9080
2017,Syrian Arab Rep.,SYR,Benin,BEN,7
2017,Syrian Arab Rep.,SYR,Belarus,BLR,87
2017,Syrian Arab Rep.,SYR,Bolivia (Plurinational State of),BOL,21
2017,Syrian Arab Rep.,SYR,Brazil,BRA,2905
2017,Syrian Arab Rep.,SYR,Bosnia and Herzegovina,BIH,15
2017,Syrian Arab Rep.,SYR,Bulgaria,BGR,16549
2017,Syrian Arab Rep.,SYR,Canada,CAN,3095
2017,Syrian Arab Rep.,SYR,Chad,TCD,39
2017,Syrian Arab Rep.,SYR,China,CHN,42
2017,Syrian Arab Rep.,SYR,Chile,CHL,85
2017,Syrian Arab Rep.,SYR,Cameroon,CMR,15
2017,Syrian Arab Rep.,SYR,Congo,COG,9
2017,Syrian Arab Rep.,SYR,Dem. Rep. of the Congo,COD,8
2017,Syrian Arab Rep.,SYR,Colombia,COL,8
2017,Syrian Arab Rep.,SYR,Costa Rica,CRI,9
2017,Syrian Arab Rep.,SYR,Cuba,CUB,43
2017,Syrian Arab Rep.,SYR,Cyprus,CYP,5274
2017,Syrian Arab Rep.,SYR,Czechia,CZE,365
2017,Syrian Arab Rep.,SYR,Denmark,DNK,19221
2017,Syrian Arab Rep.,SYR,Djibouti,DJI,9
2017,Syrian Arab Rep.,SYR,Ecuador,ECU,39
2017,Syrian Arab Rep.,SYR,Estonia,EST,151
2017,Syrian Arab Rep.,SYR,Ethiopia,ETH,9
2017,Syrian Arab Rep.,SYR,Finland,FIN,2370
2017,Syrian Arab Rep.,SYR,France,FRA,12520
2017,Syrian Arab Rep.,SYR,United Kingdom of Great Britain and Northern Ireland,GBR,9100
2017,Syrian Arab Rep.,SYR,Georgia,GEO,445
2017,Syrian Arab Rep.,SYR,Germany,DEU,496674
2017,Syrian Arab Rep.,SYR,Ghana,GHA,39
2017,Syrian Arab Rep.,SYR,Greece,GRC,13714
2017,Syrian Arab Rep.,SYR,Croatia,HRV,194
2017,Syrian Arab Rep.,SYR,Hungary,HUN,925
2017,Syrian Arab Rep.,SYR,Iceland,ISL,58
2017,Syrian Arab Rep.,SYR,Cote d'Ivoire,CIV,12
2017,Syrian Arab Rep.,SYR,India,IND,87
2017,Syrian Arab Rep.,SYR,Indonesia,IDN,35
2017,Syrian Arab Rep.,SYR,Ireland,IRL,718
2017,Syrian Arab Rep.,SYR,Iraq,IRQ,247057
2017,Syrian Arab Rep.,SYR,Italy,ITA,3618
2017,Syrian Arab Rep.,SYR,Jamaica,JAM,5
2017,Syrian Arab Rep.,SYR,Jordan,JOR,653031
2017,Syrian Arab Rep.,SYR,Japan,JPN,66
2017,Syrian Arab Rep.,SYR,Kazakhstan,KAZ,17
2017,Syrian Arab Rep.,SYR,Kyrgyzstan,KGZ,69
2017,Syrian Arab Rep.,SYR,Rep. of Korea,KOR,1122
2017,Syrian Arab Rep.,SYR,Kuwait,KWT,44
2017,Syrian Arab Rep.,SYR,Liberia,LBR,7
2017,Syrian Arab Rep.,SYR,Libya,LBY,257
2017,Syrian Arab Rep.,SYR,Lebanon,LBN,992127
2017,Syrian Arab Rep.,SYR,Liechtenstein,LIE,32
2017,Syrian Arab Rep.,SYR,Sri Lanka,LKA,14
2017,Syrian Arab Rep.,SYR,Lithuania,LTU,362
2017,Syrian Arab Rep.,SYR,Luxembourg,LUX,686
2017,Syrian Arab Rep.,SYR,Latvia,LVA,393
2017,Syrian Arab Rep.,SYR,Mauritania,MRT,464
2017,Syrian Arab Rep.,SYR,North Macedonia,MKD,15
2017,Syrian Arab Rep.,SYR,Rep. of Moldova,MDA,204
2017,Syrian Arab Rep.,SYR,Mexico,MEX,23
2017,Syrian Arab Rep.,SYR,Mali,MLI,9
2017,Syrian Arab Rep.,SYR,Malaysia,MYS,372
2017,Syrian Arab Rep.,SYR,Morocco,MAR,2953
2017,Syrian Arab Rep.,SYR,Malta,MLT,1289
2017,Syrian Arab Rep.,SYR,Mauritius,MUS,5
2017,Syrian Arab Rep.,SYR,Netherlands,NLD,30851
2017,Syrian Arab Rep.,SYR,Niger,NER,7
2017,Syrian Arab Rep.,SYR,Nigeria,NGA,154
2017,Syrian Arab Rep.,SYR,Norway,NOR,13349
2017,Syrian Arab Rep.,SYR,New Zealand,NZL,65
2017,Syrian Arab Rep.,SYR,Oman,OMN,7
2017,Syrian Arab Rep.,SYR,Pakistan,PAK,29
2017,Syrian Arab Rep.,SYR,Paraguay,PRY,53
2017,Syrian Arab Rep.,SYR,Peru,PER,38
2017,Syrian Arab Rep.,SYR,Philippines,PHL,74
2017,Syrian Arab Rep.,SYR,Poland,POL,512
2017,Syrian Arab Rep.,SYR,Portugal,PRT,307
2017,Syrian Arab Rep.,SYR,Qatar,QAT,34
2017,Syrian Arab Rep.,SYR,Romania,ROU,2282
2017,Syrian Arab Rep.,SYR,South Africa,ZAF,45
2017,Syrian Arab Rep.,SYR,Russian Federation,RUS,1130
2017,Syrian Arab Rep.,SYR,El Salvador,SLV,5
2017,Syrian Arab Rep.,SYR,Saudi Arabia,SAU,14
2017,Syrian Arab Rep.,SYR,Serbia and Kosovo: S/RES/1244 (1999),SRB,73
2017,Syrian Arab Rep.,SYR,Somalia,SOM,172
2017,Syrian Arab Rep.,SYR,Spain,ESP,11752
2017,Syrian Arab Rep.,SYR,Sudan,SDN,11240
2017,Syrian Arab Rep.,SYR,Slovakia,SVK,17
2017,Syrian Arab Rep.,SYR,Slovenia,SVN,215
2017,Syrian Arab Rep.,SYR,Sweden,SWE,103614
2017,Syrian Arab Rep.,SYR,Switzerland,CHE,13639
2017,Syrian Arab Rep.,SYR,Thailand,THA,327
2017,Syrian Arab Rep.,SYR,Trinidad and Tobago,TTO,53
2017,Syrian Arab Rep.,SYR,Tunisia,TUN,603
2017,Syrian Arab Rep.,SYR,Turkey,TUR,3424237
2017,Syrian Arab Rep.,SYR,United Arab Emirates,ARE,128
2017,Syrian Arab Rep.,SYR,Uganda,UGA,7
2017,Syrian Arab Rep.,SYR,Ukraine,UKR,483
2017,Syrian Arab Rep.,SYR,Uruguay,URY,61
2017,Syrian Arab Rep.,SYR,United States of America,USA,7282
2017,Syrian Arab Rep.,SYR,Venezuela (Bolivarian Republic of),VEN,5
2017,Syrian Arab Rep.,SYR,Yemen,YEM,3286
2018,Syrian Arab Rep.,SYR,Albania,ALB,6
2018,Syrian Arab Rep.,SYR,Algeria,DZA,14
2018,Syrian Arab Rep.,SYR,Egypt,EGY,132871
2018,Syrian Arab Rep.,SYR,Argentina,ARG,385
2018,Syrian Arab Rep.,SYR,Armenia,ARM,14701
2018,Syrian Arab Rep.,SYR,Australia,AUS,582
2018,Syrian Arab Rep.,SYR,Austria,AUT,49179
2018,Syrian Arab Rep.,SYR,Azerbaijan,AZE,15
2018,Syrian Arab Rep.,SYR,Belgium,BEL,9080
2018,Syrian Arab Rep.,SYR,Benin,BEN,12
2018,Syrian Arab Rep.,SYR,Belarus,BLR,66
2018,Syrian Arab Rep.,SYR,Bolivia (Plurinational State of),BOL,21
2018,Syrian Arab Rep.,SYR,Brazil,BRA,3455
2018,Syrian Arab Rep.,SYR,Bosnia and Herzegovina,BIH,15
2018,Syrian Arab Rep.,SYR,Bulgaria,BGR,17161
2018,Syrian Arab Rep.,SYR,Canada,CAN,3558
2018,Syrian Arab Rep.,SYR,Chad,TCD,57
2018,Syrian Arab Rep.,SYR,China,CHN,53
2018,Syrian Arab Rep.,SYR,Chile,CHL,107
2018,Syrian Arab Rep.,SYR,Cameroon,CMR,22
2018,Syrian Arab Rep.,SYR,Congo,COG,12
2018,Syrian Arab Rep.,SYR,Dem. Rep. of the Congo,COD,5
2018,Syrian Arab Rep.,SYR,Colombia,COL,8
2018,Syrian Arab Rep.,SYR,Costa Rica,CRI,9
2018,Syrian Arab Rep.,SYR,Cuba,CUB,44
2018,Syrian Arab Rep.,SYR,Cyprus,CYP,6259
2018,Syrian Arab Rep.,SYR,Czechia,CZE,448
2018,Syrian Arab Rep.,SYR,Denmark,DNK,19698
2018,Syrian Arab Rep.,SYR,Djibouti,DJI,10
2018,Syrian Arab Rep.,SYR,Ecuador,ECU,102
2018,Syrian Arab Rep.,SYR,Estonia,EST,146
2018,Syrian Arab Rep.,SYR,Ethiopia,ETH,9
2018,Syrian Arab Rep.,SYR,Finland,FIN,2497
2018,Syrian Arab Rep.,SYR,France,FRA,15822
2018,Syrian Arab Rep.,SYR,United Kingdom of Great Britain and Northern Ireland,GBR,9720
2018,Syrian Arab Rep.,SYR,Georgia,GEO,428
2018,Syrian Arab Rep.,SYR,Germany,DEU,532065
2018,Syrian Arab Rep.,SYR,Ghana,GHA,157
2018,Syrian Arab Rep.,SYR,Greece,GRC,23931
2018,Syrian Arab Rep.,SYR,Guinea,GIN,5
2018,Syrian Arab Rep.,SYR,Croatia,HRV,398
2018,Syrian Arab Rep.,SYR,Hungary,HUN,971
2018,Syrian Arab Rep.,SYR,Iceland,ISL,87
2018,Syrian Arab Rep.,SYR,Cote d'Ivoire,CIV,92
2018,Syrian Arab Rep.,SYR,India,IND,83
2018,Syrian Arab Rep.,SYR,Indonesia,IDN,29
2018,Syrian Arab Rep.,SYR,Ireland,IRL,2126
2018,Syrian Arab Rep.,SYR,Iraq,IRQ,252526
2018,Syrian Arab Rep.,SYR,Italy,ITA,4652
2018,Syrian Arab Rep.,SYR,Jamaica,JAM,5
2018,Syrian Arab Rep.,SYR,Jordan,JOR,676283
2018,Syrian Arab Rep.,SYR,Japan,JPN,69
2018,Syrian Arab Rep.,SYR,Kazakhstan,KAZ,15
2018,Syrian Arab Rep.,SYR,Kyrgyzstan,KGZ,77
2018,Syrian Arab Rep.,SYR,Rep. of Korea,KOR,1177
2018,Syrian Arab Rep.,SYR,Kuwait,KWT,73
2018,Syrian Arab Rep.,SYR,Liberia,LBR,10
2018,Syrian Arab Rep.,SYR,Libya,LBY,552
2018,Syrian Arab Rep.,SYR,Lebanon,LBN,944181
2018,Syrian Arab Rep.,SYR,Liechtenstein,LIE,32
2018,Syrian Arab Rep.,SYR,Sri Lanka,LKA,14
2018,Syrian Arab Rep.,SYR,Lithuania,LTU,435
2018,Syrian Arab Rep.,SYR,Luxembourg,LUX,686
2018,Syrian Arab Rep.,SYR,Latvia,LVA,384
2018,Syrian Arab Rep.,SYR,Mauritania,MRT,332
2018,Syrian Arab Rep.,SYR,North Macedonia,MKD,17
2018,Syrian Arab Rep.,SYR,Rep. of Moldova,MDA,213
2018,Syrian Arab Rep.,SYR,Mexico,MEX,28
2018,Syrian Arab Rep.,SYR,Mali,MLI,9
2018,Syrian Arab Rep.,SYR,Malaysia,MYS,421
2018,Syrian Arab Rep.,SYR,Morocco,MAR,3506
2018,Syrian Arab Rep.,SYR,Malta,MLT,1497
2018,Syrian Arab Rep.,SYR,Montenegro,MNE,5
2018,Syrian Arab Rep.,SYR,Mauritius,MUS,5
2018,Syrian Arab Rep.,SYR,Netherlands,NLD,32092
2018,Syrian Arab Rep.,SYR,Niger,NER,11
2018,Syrian Arab Rep.,SYR,Nigeria,NGA,224
2018,Syrian Arab Rep.,SYR,Norway,NOR,13914
2018,Syrian Arab Rep.,SYR,New Zealand,NZL,68
2018,Syrian Arab Rep.,SYR,Oman,OMN,7
2018,Syrian Arab Rep.,SYR,Pakistan,PAK,29
2018,Syrian Arab Rep.,SYR,Paraguay,PRY,63
2018,Syrian Arab Rep.,SYR,Peru,PER,44
2018,Syrian Arab Rep.,SYR,Philippines,PHL,105
2018,Syrian Arab Rep.,SYR,Poland,POL,531
2018,Syrian Arab Rep.,SYR,Portugal,PRT,602
2018,Syrian Arab Rep.,SYR,Qatar,QAT,34
2018,Syrian Arab Rep.,SYR,Romania,ROU,2292
2018,Syrian Arab Rep.,SYR,South Africa,ZAF,45
2018,Syrian Arab Rep.,SYR,Russian Federation,RUS,828
2018,Syrian Arab Rep.,SYR,El Salvador,SLV,5
2018,Syrian Arab Rep.,SYR,Saudi Arabia,SAU,103
2018,Syrian Arab Rep.,SYR,Serbia and Kosovo: S/RES/1244 (1999),SRB,74
2018,Syrian Arab Rep.,SYR,Somalia,SOM,206
2018,Syrian Arab Rep.,SYR,Spain,ESP,13765
2018,Syrian Arab Rep.,SYR,Sudan,SDN,93502
2018,Syrian Arab Rep.,SYR,Slovakia,SVK,14
2018,Syrian Arab Rep.,SYR,Slovenia,SVN,290
2018,Syrian Arab Rep.,SYR,Sweden,SWE,109343
2018,Syrian Arab Rep.,SYR,Switzerland,CHE,16565
2018,Syrian Arab Rep.,SYR,Thailand,THA,276
2018,Syrian Arab Rep.,SYR,Trinidad and Tobago,TTO,57
2018,Syrian Arab Rep.,SYR,Tunisia,TUN,927
2018,Syrian Arab Rep.,SYR,Turkey,TUR,3622366
2018,Syrian Arab Rep.,SYR,United Arab Emirates,ARE,287
2018,Syrian Arab Rep.,SYR,Uganda,UGA,5
2018,Syrian Arab Rep.,SYR,Ukraine,UKR,457
2018,Syrian Arab Rep.,SYR,Uruguay,URY,61
2018,Syrian Arab Rep.,SYR,United States of America,USA,7998
2018,Syrian Arab Rep.,SYR,Venezuela (Bolivarian Republic of),VEN,5
2018,Syrian Arab Rep.,SYR,Yemen,YEM,3446
2018,Syrian Arab Rep.,SYR,Zambia,ZMB,8
2019,Syrian Arab Rep.,SYR,Albania,ALB,13
2019,Syrian Arab Rep.,SYR,Algeria,DZA,7757
2019,Syrian Arab Rep.,SYR,Egypt,EGY,129210
2019,Syrian Arab Rep.,SYR,Argentina,ARG,401
2019,Syrian Arab Rep.,SYR,Armenia,ARM,14730
2019,Syrian Arab Rep.,SYR,Australia,AUS,2239
2019,Syrian Arab Rep.,SYR,Austria,AUT,51955
2019,Syrian Arab Rep.,SYR,Azerbaijan,AZE,20
2019,Syrian Arab Rep.,SYR,Belgium,BEL,16604
2019,Syrian Arab Rep.,SYR,Benin,BEN,12
2019,Syrian Arab Rep.,SYR,Burkina Faso,BFA,5
2019,Syrian Arab Rep.,SYR,Belarus,BLR,68
2019,Syrian Arab Rep.,SYR,Bolivia (Plurinational State of),BOL,21
2019,Syrian Arab Rep.,SYR,Brazil,BRA,3761
2019,Syrian Arab Rep.,SYR,Bosnia and Herzegovina,BIH,21
2019,Syrian Arab Rep.,SYR,Bulgaria,BGR,17551
2019,Syrian Arab Rep.,SYR,Canada,CAN,5
2019,Syrian Arab Rep.,SYR,Chad,TCD,35
2019,Syrian Arab Rep.,SYR,China,CHN,50
2019,Syrian Arab Rep.,SYR,Chile,CHL,112
2019,Syrian Arab Rep.,SYR,Cameroon,CMR,24
2019,Syrian Arab Rep.,SYR,Dem. Rep. of the Congo,COD,5
2019,Syrian Arab Rep.,SYR,Colombia,COL,8
2019,Syrian Arab Rep.,SYR,Costa Rica,CRI,5
2019,Syrian Arab Rep.,SYR,Cuba,CUB,40
2019,Syrian Arab Rep.,SYR,Cyprus,CYP,7372
2019,Syrian Arab Rep.,SYR,Czechia,CZE,408
2019,Syrian Arab Rep.,SYR,Denmark,DNK,20046
2019,Syrian Arab Rep.,SYR,Djibouti,DJI,10
2019,Syrian Arab Rep.,SYR,Ecuador,ECU,146
2019,Syrian Arab Rep.,SYR,Estonia,EST,127
2019,Syrian Arab Rep.,SYR,Finland,FIN,2585
2019,Syrian Arab Rep.,SYR,France,FRA,18244
2019,Syrian Arab Rep.,SYR,United Kingdom of Great Britain and Northern Ireland,GBR,10389
2019,Syrian Arab Rep.,SYR,Georgia,GEO,91
2019,Syrian Arab Rep.,SYR,Germany,DEU,572818
2019,Syrian Arab Rep.,SYR,Ghana,GHA,167
2019,Syrian Arab Rep.,SYR,Greece,GRC,26696
2019,Syrian Arab Rep.,SYR,Guinea,GIN,14
2019,Syrian Arab Rep.,SYR,Croatia,HRV,527
2019,Syrian Arab Rep.,SYR,Hungary,HUN,934
2019,Syrian Arab Rep.,SYR,Iceland,ISL,109
2019,Syrian Arab Rep.,SYR,Cote d'Ivoire,CIV,132
2019,Syrian Arab Rep.,SYR,India,IND,70
2019,Syrian Arab Rep.,SYR,Indonesia,IDN,23
2019,Syrian Arab Rep.,SYR,Ireland,IRL,2882
2019,Syrian Arab Rep.,SYR,Iraq,IRQ,245810
2019,Syrian Arab Rep.,SYR,Italy,ITA,4781
2019,Syrian Arab Rep.,SYR,Jordan,JOR,654692
2019,Syrian Arab Rep.,SYR,Japan,JPN,69
2019,Syrian Arab Rep.,SYR,Kazakhstan,KAZ,14
2019,Syrian Arab Rep.,SYR,Kenya,KEN,5
2019,Syrian Arab Rep.,SYR,Kyrgyzstan,KGZ,86
2019,Syrian Arab Rep.,SYR,Rep. of Korea,KOR,1199
2019,Syrian Arab Rep.,SYR,Kuwait,KWT,106
2019,Syrian Arab Rep.,SYR,Liberia,LBR,11
2019,Syrian Arab Rep.,SYR,Libya,LBY,612
2019,Syrian Arab Rep.,SYR,Lebanon,LBN,910586
2019,Syrian Arab Rep.,SYR,Liechtenstein,LIE,32
2019,Syrian Arab Rep.,SYR,Sri Lanka,LKA,5
2019,Syrian Arab Rep.,SYR,Lithuania,LTU,453
2019,Syrian Arab Rep.,SYR,Luxembourg,LUX,951
2019,Syrian Arab Rep.,SYR,Latvia,LVA,354
2019,Syrian Arab Rep.,SYR,Madagascar,MDG,5
2019,Syrian Arab Rep.,SYR,Mauritania,MRT,355
2019,Syrian Arab Rep.,SYR,North Macedonia,MKD,17
2019,Syrian Arab Rep.,SYR,Rep. of Moldova,MDA,210
2019,Syrian Arab Rep.,SYR,Mexico,MEX,29
2019,Syrian Arab Rep.,SYR,Mali,MLI,20
2019,Syrian Arab Rep.,SYR,Malaysia,MYS,425
2019,Syrian Arab Rep.,SYR,Morocco,MAR,3676
2019,Syrian Arab Rep.,SYR,Malta,MLT,1706
2019,Syrian Arab Rep.,SYR,Netherlands,NLD,31694
2019,Syrian Arab Rep.,SYR,Niger,NER,7
2019,Syrian Arab Rep.,SYR,Nigeria,NGA,263
2019,Syrian Arab Rep.,SYR,Norway,NOR,14359
2019,Syrian Arab Rep.,SYR,New Zealand,NZL,172
2019,Syrian Arab Rep.,SYR,Oman,OMN,8
2019,Syrian Arab Rep.,SYR,Pakistan,PAK,43
2019,Syrian Arab Rep.,SYR,Paraguay,PRY,88
2019,Syrian Arab Rep.,SYR,Peru,PER,42
2019,Syrian Arab Rep.,SYR,Philippines,PHL,115
2019,Syrian Arab Rep.,SYR,Poland,POL,542
2019,Syrian Arab Rep.,SYR,Portugal,PRT,768
2019,Syrian Arab Rep.,SYR,Qatar,QAT,34
2019,Syrian Arab Rep.,SYR,Romania,ROU,2090
2019,Syrian Arab Rep.,SYR,South Africa,ZAF,45
2019,Syrian Arab Rep.,SYR,Russian Federation,RUS,593
2019,Syrian Arab Rep.,SYR,El Salvador,SLV,5
2019,Syrian Arab Rep.,SYR,Saudi Arabia,SAU,152
2019,Syrian Arab Rep.,SYR,Serbia and Kosovo: S/RES/1244 (1999),SRB,25
2019,Syrian Arab Rep.,SYR,Somalia,SOM,245
2019,Syrian Arab Rep.,SYR,Spain,ESP,14133
2019,Syrian Arab Rep.,SYR,Sudan,SDN,93495
2019,Syrian Arab Rep.,SYR,Slovakia,SVK,14
2019,Syrian Arab Rep.,SYR,Slovenia,SVN,307
2019,Syrian Arab Rep.,SYR,Sweden,SWE,113418
2019,Syrian Arab Rep.,SYR,Switzerland,CHE,18755
2019,Syrian Arab Rep.,SYR,United Rep. of Tanzania,TZA,5
2019,Syrian Arab Rep.,SYR,Thailand,THA,217
2019,Syrian Arab Rep.,SYR,Togo,TGO,6
2019,Syrian Arab Rep.,SYR,Trinidad and Tobago,TTO,58
2019,Syrian Arab Rep.,SYR,Tunisia,TUN,1382
2019,Syrian Arab Rep.,SYR,Turkey,TUR,3576370
2019,Syrian Arab Rep.,SYR,United Arab Emirates,ARE,333
2019,Syrian Arab Rep.,SYR,Uganda,UGA,6
2019,Syrian Arab Rep.,SYR,Ukraine,UKR,462
2019,Syrian Arab Rep.,SYR,Uruguay,URY,61
2019,Syrian Arab Rep.,SYR,United States of America,USA,8449
2019,Syrian Arab Rep.,SYR,Venezuela (Bolivarian Republic of),VEN,5
2019,Syrian Arab Rep.,SYR,Yemen,YEM,3551
2019,Syrian Arab Rep.,SYR,Zambia,ZMB,15
